<?xml version="1.0" encoding="UTF-8"?>
<root versionMajor="1" versionMinor="6">
  <kernel name="fir_q15_execute_decim" language="ip_c" vlnv="mycompany.com:kernel:fir_q15_execute_decim:1.0" attributes="" preferredWorkGroupSizeMultiple="0" workGroupSize="1" interrupt="true" hwControlProtocol="ap_ctrl_hs">
    <ports>
      <port name="s_axi_control" mode="slave" range="0x1000" dataWidth="32" portType="addressable" base="0x0"/>
      <port name="m00_axi" mode="master" range="0xFFFFFFFFFFFFFFFF" dataWidth="512" portType="addressable" base="0x0"/>
    </ports>
    <args>
      <arg name="x0r" addressQualifier="0" id="0" port="s_axi_control" size="0x4" offset="0x010" type="short" hostOffset="0x0" hostSize="0x2"/> 
      <arg name="x0i" addressQualifier="0" id="1" port="s_axi_control" size="0x4" offset="0x018" type="short" hostOffset="0x0" hostSize="0x2"/> 
      <arg name="x1r" addressQualifier="0" id="2" port="s_axi_control" size="0x4" offset="0x020" type="short" hostOffset="0x0" hostSize="0x2"/> 
      <arg name="x1i" addressQualifier="0" id="3" port="s_axi_control" size="0x4" offset="0x028" type="short" hostOffset="0x0" hostSize="0x2"/> 
      <arg name="y" addressQualifier="1" id="4" port="m00_axi" size="0x8" offset="0x030" type="int*" hostOffset="0x0" hostSize="0x8"/> 
    </args>
  </kernel>
</root>

