<root versionMajor="1" versionMinor="5">
    <kernel name="fir_q15_execute_decim" language="c" vlnv="xilinx.com:hls:fir_q15_execute_decim:1.0" attributes="" hash="" preferredWorkGroupSizeMultiple="0" workGroupSize="1" debug="false" compileOptions="" profileType="none" hwControlProtocol="ap_ctrl_hs" interrupt="true">
        <ports>
            <port name="M_AXI_M00_AXI" portType="addressable" mode="master" base="0x0" range="0xFFFFFFFF" dataWidth="512"/>
            <port name="S_AXI_CONTROL" portType="addressable" mode="slave" base="0x0" range="0x1000" dataWidth="32"/>
        </ports>
        <args>
            <arg id="0" name="x0r" addressQualifier="0" port="S_AXI_CONTROL" hostOffset="0x0" hostSize="0x2" offset="0x10" size="0x4" type="unsigned int"/>
            <arg id="1" name="x0i" addressQualifier="0" port="S_AXI_CONTROL" hostOffset="0x0" hostSize="0x2" offset="0x18" size="0x4" type="unsigned int"/>
            <arg id="2" name="x1r" addressQualifier="0" port="S_AXI_CONTROL" hostOffset="0x0" hostSize="0x2" offset="0x20" size="0x4" type="unsigned int"/>
            <arg id="3" name="x1i" addressQualifier="0" port="S_AXI_CONTROL" hostOffset="0x0" hostSize="0x2" offset="0x28" size="0x4" type="unsigned int"/>
            <arg id="4" name="y" addressQualifier="1" port="M_AXI_M00_AXI" hostOffset="0x0" hostSize="0x8" offset="0x30" size="0x8" type="void*"/>
        </args>
        <compileWorkGroupSize x="1" y="1" z="1"/>
        <maxWorkGroupSize x="1" y="1" z="1"/>
    </kernel>
</root>

