{
  "Top": "fir_q15_execute_decim",
  "RtlTop": "fir_q15_execute_decim",
  "RtlPrefix": "",
  "RtlSubPrefix": "fir_q15_execute_decim_",
  "SourceLanguage": "cpp",
  "HostMachineBits": "64",
  "FunctionProtocol": "ap_ctrl_hs",
  "ResetStyle": "control",
  "Target": {
    "Family": "zynq",
    "Device": "xc7z020",
    "Package": "-clg400",
    "Speed": "-1",
    "Triple": "fpga64-xilinx-none"
  },
  "Args": {
    "x0r": {
      "index": "0",
      "direction": "in",
      "srcType": "short",
      "srcSize": "16",
      "hwRefs": [{
          "type": "register",
          "interface": "s_axi_control",
          "name": "x0r",
          "usage": "data",
          "direction": "in"
        }]
    },
    "x0i": {
      "index": "1",
      "direction": "in",
      "srcType": "short",
      "srcSize": "16",
      "hwRefs": [{
          "type": "register",
          "interface": "s_axi_control",
          "name": "x0i",
          "usage": "data",
          "direction": "in"
        }]
    },
    "x1r": {
      "index": "2",
      "direction": "in",
      "srcType": "short",
      "srcSize": "16",
      "hwRefs": [{
          "type": "register",
          "interface": "s_axi_control",
          "name": "x1r",
          "usage": "data",
          "direction": "in"
        }]
    },
    "x1i": {
      "index": "3",
      "direction": "in",
      "srcType": "short",
      "srcSize": "16",
      "hwRefs": [{
          "type": "register",
          "interface": "s_axi_control",
          "name": "x1i",
          "usage": "data",
          "direction": "in"
        }]
    },
    "y": {
      "index": "4",
      "direction": "inout",
      "srcType": "int*",
      "srcSize": "32",
      "hwRefs": [
        {
          "type": "interface",
          "interface": "m_axi_m00_axi",
          "name": "",
          "usage": "data",
          "direction": "out"
        },
        {
          "type": "register",
          "interface": "s_axi_control",
          "name": "y_1",
          "usage": "address",
          "direction": "in"
        },
        {
          "type": "register",
          "interface": "s_axi_control",
          "name": "y_2",
          "usage": "address",
          "direction": "in"
        }
      ]
    }
  },
  "HlsSolution": {
    "FlowTarget": "vitis",
    "ConfigTcl": [
      "config_interface -m_axi_latency=64",
      "config_interface -m_axi_alignment_byte_size=64",
      "config_interface -m_axi_max_widen_bitwidth=512",
      "config_interface -default_interface=kernel",
      "config_interface -m_axi_offset=slave",
      "config_rtl -register_reset_num=3"
    ],
    "DirectiveTcl": ["set_directive_top fir_q15_execute_decim -name fir_q15_execute_decim"],
    "ProfileOption": "0",
    "ProfileType": "none",
    "KernelName": "fir_q15_execute_decim"
  },
  "ClockInfo": {
    "ClockName": "ap_clk",
    "ClockPeriod": "10",
    "Uncertainty": "2.7",
    "IsCombinational": "0",
    "II": "x",
    "Latency": "12434"
  },
  "Xdc": {"OocClocks": ["create_clock -name ap_clk -period 10.000 [get_ports ap_clk]"]},
  "Ipx": {
    "Vendor": "xilinx.com",
    "Library": "hls",
    "Name": "fir_q15_execute_decim",
    "Version": "1.0",
    "DisplayName": "Fir_q15_execute_decim",
    "Revision": "",
    "Description": "An IP generated by Vitis HLS",
    "Taxonomy": "\/VITIS_HLS_IP",
    "AutoFamilySupport": "",
    "ZipFile": "xilinx_com_hls_fir_q15_execute_decim_1_0.zip"
  },
  "Files": {
    "CSource": ["..\/..\/..\/fir_q15_execute_decim_cmodel.cpp"],
    "Vhdl": [
      "impl\/vhdl\/fir_q15_execute_decim_control_s_axi.vhd",
      "impl\/vhdl\/fir_q15_execute_decim_m00_axi_input_buffer.vhd",
      "impl\/vhdl\/fir_q15_execute_decim_m00_axi_m_axi.vhd",
      "impl\/vhdl\/fir_q15_execute_decim.vhd"
    ],
    "Verilog": [
      "impl\/verilog\/fir_q15_execute_decim_control_s_axi.v",
      "impl\/verilog\/fir_q15_execute_decim_m00_axi_input_buffer.v",
      "impl\/verilog\/fir_q15_execute_decim_m00_axi_m_axi.v",
      "impl\/verilog\/fir_q15_execute_decim.v"
    ],
    "SwDriver": [
      "impl\/misc\/drivers\/fir_q15_execute_decim_v1_0\/data\/fir_q15_execute_decim.mdd",
      "impl\/misc\/drivers\/fir_q15_execute_decim_v1_0\/data\/fir_q15_execute_decim.tcl",
      "impl\/misc\/drivers\/fir_q15_execute_decim_v1_0\/src\/Makefile",
      "impl\/misc\/drivers\/fir_q15_execute_decim_v1_0\/src\/xfir_q15_execute_decim.c",
      "impl\/misc\/drivers\/fir_q15_execute_decim_v1_0\/src\/xfir_q15_execute_decim.h",
      "impl\/misc\/drivers\/fir_q15_execute_decim_v1_0\/src\/xfir_q15_execute_decim_hw.h",
      "impl\/misc\/drivers\/fir_q15_execute_decim_v1_0\/src\/xfir_q15_execute_decim_linux.c",
      "impl\/misc\/drivers\/fir_q15_execute_decim_v1_0\/src\/xfir_q15_execute_decim_sinit.c"
    ],
    "IpMisc": ["impl\/misc\/logo.png"],
    "DesignXml": ".autopilot\/db\/fir_q15_execute_decim.design.xml",
    "DebugDir": ".debug",
    "ProtoInst": ["\/storage\/pynq\/project\/radio_kernels\/vivado_rtl_kernel\/fir_q15_execute_decim_ex\/imports\/hls\/prj\/sol\/.debug\/fir_q15_execute_decim.protoinst"]
  },
  "SubcoreInfo": {
    "HasXpmMemory": false,
    "HasClockedDsp": false,
    "Ip": []
  },
  "Interfaces": {
    "ap_clk": {
      "type": "clock",
      "busTypeName": "clock",
      "mode": "slave",
      "busParams": {
        "ASSOCIATED_BUSIF": "s_axi_control:m_axi_m00_axi",
        "ASSOCIATED_RESET": "ap_rst_n"
      },
      "portMap": {"ap_clk": "CLK"},
      "ports": ["ap_clk"]
    },
    "ap_rst_n": {
      "type": "reset",
      "busTypeName": "reset",
      "mode": "slave",
      "busParams": {"POLARITY": "ACTIVE_LOW"},
      "portMap": {"ap_rst_n": "RST"},
      "ports": ["ap_rst_n"]
    },
    "interrupt": {
      "type": "interrupt",
      "busTypeName": "interrupt",
      "mode": "master",
      "dataWidth": "1",
      "busParams": {"SENSITIVITY": "LEVEL_HIGH"},
      "portMap": {"interrupt": "INTERRUPT"},
      "ports": ["interrupt"]
    },
    "m_axi_m00_axi": {
      "type": "axi4full",
      "busTypeName": "aximm",
      "mode": "master",
      "dataWidth": "512",
      "addrWidth": "64",
      "portPrefix": "m_axi_m00_axi_",
      "paramPrefix": "C_M_AXI_M00_AXI_",
      "offsetSlaveName": "s_axi_control",
      "preferredUsageValue": "MEMORY",
      "busParams": {
        "NUM_READ_OUTSTANDING": "16",
        "NUM_WRITE_OUTSTANDING": "16",
        "MAX_READ_BURST_LENGTH": "16",
        "MAX_WRITE_BURST_LENGTH": "16",
        "MAX_BURST_LENGTH": "256",
        "PROTOCOL": "AXI4",
        "READ_WRITE_MODE": "READ_WRITE",
        "HAS_BURST": "0",
        "SUPPORTS_NARROW_BURST": "0"
      },
      "ports": [
        "m_axi_m00_axi_ARADDR",
        "m_axi_m00_axi_ARBURST",
        "m_axi_m00_axi_ARCACHE",
        "m_axi_m00_axi_ARID",
        "m_axi_m00_axi_ARLEN",
        "m_axi_m00_axi_ARLOCK",
        "m_axi_m00_axi_ARPROT",
        "m_axi_m00_axi_ARQOS",
        "m_axi_m00_axi_ARREADY",
        "m_axi_m00_axi_ARREGION",
        "m_axi_m00_axi_ARSIZE",
        "m_axi_m00_axi_ARUSER",
        "m_axi_m00_axi_ARVALID",
        "m_axi_m00_axi_AWADDR",
        "m_axi_m00_axi_AWBURST",
        "m_axi_m00_axi_AWCACHE",
        "m_axi_m00_axi_AWID",
        "m_axi_m00_axi_AWLEN",
        "m_axi_m00_axi_AWLOCK",
        "m_axi_m00_axi_AWPROT",
        "m_axi_m00_axi_AWQOS",
        "m_axi_m00_axi_AWREADY",
        "m_axi_m00_axi_AWREGION",
        "m_axi_m00_axi_AWSIZE",
        "m_axi_m00_axi_AWUSER",
        "m_axi_m00_axi_AWVALID",
        "m_axi_m00_axi_BID",
        "m_axi_m00_axi_BREADY",
        "m_axi_m00_axi_BRESP",
        "m_axi_m00_axi_BUSER",
        "m_axi_m00_axi_BVALID",
        "m_axi_m00_axi_RDATA",
        "m_axi_m00_axi_RID",
        "m_axi_m00_axi_RLAST",
        "m_axi_m00_axi_RREADY",
        "m_axi_m00_axi_RRESP",
        "m_axi_m00_axi_RUSER",
        "m_axi_m00_axi_RVALID",
        "m_axi_m00_axi_WDATA",
        "m_axi_m00_axi_WID",
        "m_axi_m00_axi_WLAST",
        "m_axi_m00_axi_WREADY",
        "m_axi_m00_axi_WSTRB",
        "m_axi_m00_axi_WUSER",
        "m_axi_m00_axi_WVALID"
      ],
      "constraints": [
        {
          "constraint_type": "pragma interface",
          "mode": "m_axi",
          "register_option": "0",
          "offset": "slave",
          "latency": "64",
          "num_read_outstanding": "16",
          "num_write_outstanding": "16",
          "max_read_burst_length": "16",
          "max_write_burst_length": "16",
          "max_widen_bitwidth": "512",
          "argName": "y"
        },
        {
          "constraint_type": "bitwidth",
          "orig_bitwidth": "32",
          "final_bitwidth": "512",
          "argName": "y"
        }
      ]
    },
    "s_axi_control": {
      "type": "axi4lite",
      "busTypeName": "aximm",
      "mode": "slave",
      "dataWidth": "32",
      "addrWidth": "6",
      "portPrefix": "s_axi_control_",
      "paramPrefix": "C_S_AXI_CONTROL_",
      "offsetMasterName": "m_axi_m00_axi",
      "ports": [
        "s_axi_control_ARADDR",
        "s_axi_control_ARREADY",
        "s_axi_control_ARVALID",
        "s_axi_control_AWADDR",
        "s_axi_control_AWREADY",
        "s_axi_control_AWVALID",
        "s_axi_control_BREADY",
        "s_axi_control_BRESP",
        "s_axi_control_BVALID",
        "s_axi_control_RDATA",
        "s_axi_control_RREADY",
        "s_axi_control_RRESP",
        "s_axi_control_RVALID",
        "s_axi_control_WDATA",
        "s_axi_control_WREADY",
        "s_axi_control_WSTRB",
        "s_axi_control_WVALID"
      ],
      "registers": [
        {
          "offset": "0x00",
          "name": "CTRL",
          "access": "RW",
          "resetValue": "0x0",
          "description": "Control signals",
          "range": "32",
          "fields": [
            {
              "offset": "0",
              "width": "1",
              "name": "AP_START",
              "access": "RW",
              "resetValue": "0",
              "description": "Control signal Register for 'ap_start'."
            },
            {
              "offset": "1",
              "width": "1",
              "name": "AP_DONE",
              "access": "R",
              "resetValue": "0",
              "description": "Control signal Register for 'ap_done'."
            },
            {
              "offset": "2",
              "width": "1",
              "name": "AP_IDLE",
              "access": "R",
              "resetValue": "0",
              "description": "Control signal Register for 'ap_idle'."
            },
            {
              "offset": "3",
              "width": "1",
              "name": "AP_READY",
              "access": "R",
              "resetValue": "0",
              "description": "Control signal Register for 'ap_ready'."
            },
            {
              "offset": "4",
              "width": "3",
              "name": "RESERVED_1",
              "access": "R",
              "resetValue": "0",
              "description": "Reserved.  0s on read."
            },
            {
              "offset": "7",
              "width": "1",
              "name": "AUTO_RESTART",
              "access": "RW",
              "resetValue": "0",
              "description": "Control signal Register for 'auto_restart'."
            },
            {
              "offset": "8",
              "width": "24",
              "name": "RESERVED_2",
              "access": "R",
              "resetValue": "0",
              "description": "Reserved.  0s on read."
            }
          ]
        },
        {
          "offset": "0x04",
          "name": "GIER",
          "access": "RW",
          "resetValue": "0x0",
          "description": "Global Interrupt Enable Register",
          "range": "32",
          "fields": [
            {
              "offset": "0",
              "width": "1",
              "name": "Enable",
              "access": "RW",
              "resetValue": "0",
              "description": "Master enable for the device interrupt output to the system interrupt controller: 0 = Disabled, 1 = Enabled"
            },
            {
              "offset": "1",
              "width": "31",
              "name": "RESERVED",
              "access": "R",
              "resetValue": "0",
              "description": "Reserved.  0s on read."
            }
          ]
        },
        {
          "offset": "0x08",
          "name": "IP_IER",
          "access": "RW",
          "resetValue": "0x0",
          "description": "IP Interrupt Enable Register",
          "range": "32",
          "fields": [
            {
              "offset": "0",
              "width": "1",
              "name": "CHAN0_INT_EN",
              "access": "RW",
              "resetValue": "0",
              "description": "Enable Channel 0 (ap_done) Interrupt.  0 = Disabled, 1 = Enabled."
            },
            {
              "offset": "1",
              "width": "1",
              "name": "CHAN1_INT_EN",
              "access": "RW",
              "resetValue": "0",
              "description": "Enable Channel 1 (ap_ready) Interrupt.  0 = Disabled, 1 = Enabled."
            },
            {
              "offset": "2",
              "width": "30",
              "name": "RESERVED",
              "access": "R",
              "resetValue": "0",
              "description": "Reserved.  0s on read."
            }
          ]
        },
        {
          "offset": "0x0c",
          "name": "IP_ISR",
          "access": "RW",
          "resetValue": "0x0",
          "description": "IP Interrupt Status Register",
          "range": "32",
          "fields": [
            {
              "offset": "0",
              "width": "1",
              "name": "CHAN0_INT_ST",
              "access": "RTOW",
              "resetValue": "0",
              "description": "Channel 0 (ap_done) Interrupt Status. 0 = No Channel 0 input interrupt, 1 = Channel 0 input interrup"
            },
            {
              "offset": "1",
              "width": "1",
              "name": "CHAN1_INT_ST",
              "access": "RTOW",
              "resetValue": "0",
              "description": "Channel 1 (ap_ready) Interrupt Status. 0 = No Channel 1 input interrupt, 1 = Channel 1 input interrup"
            },
            {
              "offset": "2",
              "width": "30",
              "name": "RESERVED",
              "access": "R",
              "resetValue": "0",
              "description": "Reserved.  0s on read."
            }
          ]
        },
        {
          "offset": "0x10",
          "name": "x0r",
          "access": "W",
          "resetValue": "0x0",
          "description": "Data signal of x0r",
          "range": "32",
          "fields": [
            {
              "offset": "0",
              "width": "16",
              "name": "x0r",
              "access": "W",
              "resetValue": "0",
              "description": "Bit 15 to 0 of x0r"
            },
            {
              "offset": "16",
              "width": "16",
              "name": "RESERVED",
              "access": "R",
              "resetValue": "0",
              "description": "Reserved.  0s on read."
            }
          ]
        },
        {
          "offset": "0x18",
          "name": "x0i",
          "access": "W",
          "resetValue": "0x0",
          "description": "Data signal of x0i",
          "range": "32",
          "fields": [
            {
              "offset": "0",
              "width": "16",
              "name": "x0i",
              "access": "W",
              "resetValue": "0",
              "description": "Bit 15 to 0 of x0i"
            },
            {
              "offset": "16",
              "width": "16",
              "name": "RESERVED",
              "access": "R",
              "resetValue": "0",
              "description": "Reserved.  0s on read."
            }
          ]
        },
        {
          "offset": "0x20",
          "name": "x1r",
          "access": "W",
          "resetValue": "0x0",
          "description": "Data signal of x1r",
          "range": "32",
          "fields": [
            {
              "offset": "0",
              "width": "16",
              "name": "x1r",
              "access": "W",
              "resetValue": "0",
              "description": "Bit 15 to 0 of x1r"
            },
            {
              "offset": "16",
              "width": "16",
              "name": "RESERVED",
              "access": "R",
              "resetValue": "0",
              "description": "Reserved.  0s on read."
            }
          ]
        },
        {
          "offset": "0x28",
          "name": "x1i",
          "access": "W",
          "resetValue": "0x0",
          "description": "Data signal of x1i",
          "range": "32",
          "fields": [
            {
              "offset": "0",
              "width": "16",
              "name": "x1i",
              "access": "W",
              "resetValue": "0",
              "description": "Bit 15 to 0 of x1i"
            },
            {
              "offset": "16",
              "width": "16",
              "name": "RESERVED",
              "access": "R",
              "resetValue": "0",
              "description": "Reserved.  0s on read."
            }
          ]
        },
        {
          "offset": "0x30",
          "name": "y_1",
          "access": "W",
          "resetValue": "0x0",
          "description": "Data signal of y",
          "range": "32",
          "fields": [{
              "offset": "0",
              "width": "32",
              "name": "y",
              "access": "W",
              "resetValue": "0",
              "description": "Bit 31 to 0 of y"
            }]
        },
        {
          "offset": "0x34",
          "name": "y_2",
          "access": "W",
          "resetValue": "0x0",
          "description": "Data signal of y",
          "range": "32",
          "fields": [{
              "offset": "0",
              "width": "32",
              "name": "y",
              "access": "W",
              "resetValue": "0",
              "description": "Bit 63 to 32 of y"
            }]
        }
      ],
      "constraints": [{
          "constraint_type": "pragma interface",
          "mode": "s_axilite",
          "register_option": "0",
          "offset": "16",
          "argName": "x0r"
        }]
    }
  },
  "RtlPorts": {
    "s_axi_control_AWVALID": {
      "dir": "in",
      "width": "1"
    },
    "s_axi_control_AWREADY": {
      "dir": "out",
      "width": "1"
    },
    "s_axi_control_AWADDR": {
      "dir": "in",
      "width": "6"
    },
    "s_axi_control_WVALID": {
      "dir": "in",
      "width": "1"
    },
    "s_axi_control_WREADY": {
      "dir": "out",
      "width": "1"
    },
    "s_axi_control_WDATA": {
      "dir": "in",
      "width": "32"
    },
    "s_axi_control_WSTRB": {
      "dir": "in",
      "width": "4"
    },
    "s_axi_control_ARVALID": {
      "dir": "in",
      "width": "1"
    },
    "s_axi_control_ARREADY": {
      "dir": "out",
      "width": "1"
    },
    "s_axi_control_ARADDR": {
      "dir": "in",
      "width": "6"
    },
    "s_axi_control_RVALID": {
      "dir": "out",
      "width": "1"
    },
    "s_axi_control_RREADY": {
      "dir": "in",
      "width": "1"
    },
    "s_axi_control_RDATA": {
      "dir": "out",
      "width": "32"
    },
    "s_axi_control_RRESP": {
      "dir": "out",
      "width": "2"
    },
    "s_axi_control_BVALID": {
      "dir": "out",
      "width": "1"
    },
    "s_axi_control_BREADY": {
      "dir": "in",
      "width": "1"
    },
    "s_axi_control_BRESP": {
      "dir": "out",
      "width": "2"
    },
    "ap_clk": {
      "dir": "in",
      "width": "1"
    },
    "ap_rst_n": {
      "dir": "in",
      "width": "1"
    },
    "interrupt": {
      "dir": "out",
      "width": "1"
    },
    "m_axi_m00_axi_AWVALID": {
      "dir": "out",
      "width": "1"
    },
    "m_axi_m00_axi_AWREADY": {
      "dir": "in",
      "width": "1"
    },
    "m_axi_m00_axi_AWADDR": {
      "dir": "out",
      "width": "64"
    },
    "m_axi_m00_axi_AWID": {
      "dir": "out",
      "width": "1",
      "isVector": "true"
    },
    "m_axi_m00_axi_AWLEN": {
      "dir": "out",
      "width": "8"
    },
    "m_axi_m00_axi_AWSIZE": {
      "dir": "out",
      "width": "3"
    },
    "m_axi_m00_axi_AWBURST": {
      "dir": "out",
      "width": "2"
    },
    "m_axi_m00_axi_AWLOCK": {
      "dir": "out",
      "width": "2"
    },
    "m_axi_m00_axi_AWCACHE": {
      "dir": "out",
      "width": "4"
    },
    "m_axi_m00_axi_AWPROT": {
      "dir": "out",
      "width": "3"
    },
    "m_axi_m00_axi_AWQOS": {
      "dir": "out",
      "width": "4"
    },
    "m_axi_m00_axi_AWREGION": {
      "dir": "out",
      "width": "4"
    },
    "m_axi_m00_axi_AWUSER": {
      "dir": "out",
      "width": "1",
      "isVector": "true"
    },
    "m_axi_m00_axi_WVALID": {
      "dir": "out",
      "width": "1"
    },
    "m_axi_m00_axi_WREADY": {
      "dir": "in",
      "width": "1"
    },
    "m_axi_m00_axi_WDATA": {
      "dir": "out",
      "width": "512"
    },
    "m_axi_m00_axi_WSTRB": {
      "dir": "out",
      "width": "64"
    },
    "m_axi_m00_axi_WLAST": {
      "dir": "out",
      "width": "1"
    },
    "m_axi_m00_axi_WID": {
      "dir": "out",
      "width": "1",
      "isVector": "true"
    },
    "m_axi_m00_axi_WUSER": {
      "dir": "out",
      "width": "1",
      "isVector": "true"
    },
    "m_axi_m00_axi_ARVALID": {
      "dir": "out",
      "width": "1"
    },
    "m_axi_m00_axi_ARREADY": {
      "dir": "in",
      "width": "1"
    },
    "m_axi_m00_axi_ARADDR": {
      "dir": "out",
      "width": "64"
    },
    "m_axi_m00_axi_ARID": {
      "dir": "out",
      "width": "1",
      "isVector": "true"
    },
    "m_axi_m00_axi_ARLEN": {
      "dir": "out",
      "width": "8"
    },
    "m_axi_m00_axi_ARSIZE": {
      "dir": "out",
      "width": "3"
    },
    "m_axi_m00_axi_ARBURST": {
      "dir": "out",
      "width": "2"
    },
    "m_axi_m00_axi_ARLOCK": {
      "dir": "out",
      "width": "2"
    },
    "m_axi_m00_axi_ARCACHE": {
      "dir": "out",
      "width": "4"
    },
    "m_axi_m00_axi_ARPROT": {
      "dir": "out",
      "width": "3"
    },
    "m_axi_m00_axi_ARQOS": {
      "dir": "out",
      "width": "4"
    },
    "m_axi_m00_axi_ARREGION": {
      "dir": "out",
      "width": "4"
    },
    "m_axi_m00_axi_ARUSER": {
      "dir": "out",
      "width": "1",
      "isVector": "true"
    },
    "m_axi_m00_axi_RVALID": {
      "dir": "in",
      "width": "1"
    },
    "m_axi_m00_axi_RREADY": {
      "dir": "out",
      "width": "1"
    },
    "m_axi_m00_axi_RDATA": {
      "dir": "in",
      "width": "512"
    },
    "m_axi_m00_axi_RLAST": {
      "dir": "in",
      "width": "1"
    },
    "m_axi_m00_axi_RID": {
      "dir": "in",
      "width": "1",
      "isVector": "true"
    },
    "m_axi_m00_axi_RUSER": {
      "dir": "in",
      "width": "1",
      "isVector": "true"
    },
    "m_axi_m00_axi_RRESP": {
      "dir": "in",
      "width": "2"
    },
    "m_axi_m00_axi_BVALID": {
      "dir": "in",
      "width": "1"
    },
    "m_axi_m00_axi_BREADY": {
      "dir": "out",
      "width": "1"
    },
    "m_axi_m00_axi_BRESP": {
      "dir": "in",
      "width": "2"
    },
    "m_axi_m00_axi_BID": {
      "dir": "in",
      "width": "1",
      "isVector": "true"
    },
    "m_axi_m00_axi_BUSER": {
      "dir": "in",
      "width": "1",
      "isVector": "true"
    }
  },
  "ModuleInfo": {
    "Hierarchy": {"ModuleName": "fir_q15_execute_decim"},
    "Info": {"fir_q15_execute_decim": {
        "FunctionProtocol": "ap_ctrl_hs",
        "isTaskLevelControl": "0",
        "isPipelined": "0",
        "isCombinational": "0",
        "isOneStateSeq": "0"
      }},
    "Metrics": {"fir_q15_execute_decim": {
        "Latency": {
          "LatencyBest": "12434",
          "LatencyAvg": "12434",
          "LatencyWorst": "12434",
          "PipelineII": "12435",
          "PipelineDepth": "",
          "PipelineType": "none"
        },
        "Timing": {
          "Target": "10.00",
          "Uncertainty": "2.70",
          "Estimate": "7.300"
        },
        "Loops": [
          {
            "Name": "Loop 1",
            "TripCount": "4096",
            "Latency": "4097",
            "PipelineII": "1",
            "PipelineDepth": "3"
          },
          {
            "Name": "VITIS_LOOP_58_1",
            "TripCount": "4096",
            "Latency": "4097",
            "PipelineII": "1",
            "PipelineDepth": "3"
          },
          {
            "Name": "Loop 3",
            "TripCount": "4096",
            "Latency": "4097",
            "PipelineII": "1",
            "PipelineDepth": "3"
          }
        ],
        "Area": {
          "BRAM_18K": "62",
          "AVAIL_BRAM": "280",
          "UTIL_BRAM": "22",
          "FF": "3524",
          "AVAIL_FF": "106400",
          "UTIL_FF": "3",
          "LUT": "3487",
          "AVAIL_LUT": "53200",
          "UTIL_LUT": "6",
          "DSP": "0",
          "AVAIL_DSP": "220",
          "UTIL_DSP": "0",
          "URAM": "0",
          "AVAIL_URAM": "0",
          "UTIL_URAM": "0"
        }
      }}
  },
  "GenerateBdFiles": "0",
  "GenData": {
    "DataVersion": "0.2",
    "Time": "2021-11-29 03:16:23 UTC",
    "ToolName": "vivado_hls",
    "ToolVersion": "2020.2"
  }
}
