{
  "version": "2020.2",
  "applications": [],
  "platforms": [
    {
      "name": "pynqz2"
    }
  ],
  "systems": [
    {
      "name": "radio_system",
      "platform": "/storage/pynq/project/pynqz2/export/pynqz2/pynqz2.xpfm",
      "sysConfig": "pynqz2",
      "buildConfig": "Hardware",
      "applications": [
        {
          "name": "radio_system_hw_link",
          "platform": "/storage/pynq/project/pynqz2/export/pynqz2/pynqz2.xpfm",
          "platformPath": "/storage/pynq/project/pynqz2/export/pynqz2",
          "sysConfig": "Linux on x86",
          "domain": "pl",
          "system": "radio_system"
        },
        {
          "name": "radio_kernels",
          "platform": "/storage/pynq/project/pynqz2/export/pynqz2/pynqz2.xpfm",
          "platformPath": "/storage/pynq/project/pynqz2/export/pynqz2",
          "sysConfig": "Linux on x86",
          "domain": "",
          "system": "radio_system"
        },
        {
          "name": "radio",
          "platform": "/storage/pynq/project/pynqz2/export/pynqz2/pynqz2.xpfm",
          "platformPath": "/storage/pynq/project/pynqz2/export/pynqz2",
          "sysConfig": "pynqz2",
          "domain": "linux_domain",
          "system": "radio_system"
        }
      ],
      "platformPath": "/storage/pynq/project/pynqz2/export/pynqz2"
    }
  ],
  "others": []
}