<profile>

<section name = "Vitis HLS Report for 'fir_q15_execute_decim'" level="0">
<item name = "Date">Mon Nov 29 03:16:22 2021
</item>
<item name = "Version">2020.2 (Build 3064766 on Wed Nov 18 09:12:47 MST 2020)</item>
<item name = "Project">prj</item>
<item name = "Solution">sol (Vitis Kernel Flow Target)</item>
<item name = "Product family">zynq</item>
<item name = "Target device">xc7z020-clg400-1</item>
</section>

<section name = "Performance Estimates" level="0">
<item name = "Timing">
<section name = "" level="1">
<item name = "Summary"><table name="" hasTotal="0">
<keys size="4">Clock, Target, Estimated, Uncertainty</keys>
<column name="ap_clk">10.00 ns, 7.300 ns, 2.70 ns</column>
</table>
</item>
</section>
</item>
<item name = "Latency">
<section name = "" level="1">
<item name = "Summary"><table name="" hasTotal="0">
<keys size="8">, min, max, min, max, min, max, Type</keys>
<column name="">12434, 12434, 0.124 ms, 0.124 ms, 12435, 12435, none</column>
</table>
</item>
<item name = "Detail">
<section name = "" level="1">
<item name = "Instance"><table name="" hasTotal="0">
<keys size="9">Instance, Module, min, max, min, max, min, max, Type</keys>
</table>
</item>
<item name = "Loop"><table name="" hasTotal="0">
<keys size="8">Loop Name, min, max, Latency, achieved, target, Count, Pipelined</keys>
<column name="- Loop 1">4097, 4097, 3, 1, 1, 4096, yes</column>
<column name="- VITIS_LOOP_58_1">4097, 4097, 3, 1, 1, 4096, yes</column>
<column name="- Loop 3">4097, 4097, 3, 1, 1, 4096, yes</column>
</table>
</item>
</section>
</item>
</section>
</item>
</section>

<section name = "Utilization Estimates" level="0">
<item name = "Summary"><table name="" hasTotal="1">
<keys size="6">Name, BRAM_18K, DSP, FF, LUT, URAM</keys>
<column name="DSP">-, -, -, -, -</column>
<column name="Expression">-, -, 0, 637, -</column>
<column name="FIFO">-, -, -, -, -</column>
<column name="Instance">30, -, 1609, 1881, -</column>
<column name="Memory">32, -, 0, 0, -</column>
<column name="Multiplexer">-, -, -, 969, -</column>
<column name="Register">-, -, 1915, -, -</column>
<specialColumn name="Available">280, 220, 106400, 53200, 0</specialColumn>
<specialColumn name="Utilization (%)">22, 0, 3, 6, 0</specialColumn>
</table>
</item>
<item name = "Detail">
<section name = "" level="1">
<item name = "Instance"><table name="" hasTotal="1">
<keys size="7">Instance, Module, BRAM_18K, DSP, FF, LUT, URAM</keys>
<column name="control_s_axi_U">control_s_axi, 0, 0, 194, 296, 0</column>
<column name="m00_axi_m_axi_U">m00_axi_m_axi, 30, 0, 1415, 1585, 0</column>
</table>
</item>
<item name = "DSP"><table name="" hasTotal="0">
<keys size="3">Instance, Module, Expression</keys>
</table>
</item>
<item name = "Memory"><table name="" hasTotal="1">
<keys size="10">Memory, Module, BRAM_18K, FF, LUT, URAM, Words, Bits, Banks, W*Bits*Banks</keys>
<column name="m00_axi_input_buffer_U">m00_axi_input_buffer, 16, 0, 0, 0, 8192, 32, 1, 262144</column>
<column name="m00_axi_output_buffer_U">m00_axi_input_buffer, 16, 0, 0, 0, 8192, 32, 1, 262144</column>
</table>
</item>
<item name = "FIFO"><table name="" hasTotal="1">
<keys size="8">Name, BRAM_18K, FF, LUT, URAM, Depth, Bits, Size:D*B</keys>
</table>
</item>
<item name = "Expression"><table name="" hasTotal="1">
<keys size="7">Variable Name, Operation, DSP, FF, LUT, Bitwidth P0, Bitwidth P1</keys>
<column name="add_ln58_fu_332_p2">+, 0, 0, 14, 13, 1</column>
<column name="empty_25_fu_285_p2">+, 0, 0, 14, 13, 1</column>
<column name="empty_33_fu_355_p2">+, 0, 0, 14, 13, 1</column>
<column name="m00_axi_output_buffer_d0">+, 0, 0, 39, 32, 1</column>
<column name="ap_block_pp0_stage0_11001">and, 0, 0, 2, 1, 1</column>
<column name="ap_block_pp2_stage0_11001">and, 0, 0, 2, 1, 1</column>
<column name="ap_block_state73_pp0_stage0_iter1">and, 0, 0, 2, 1, 1</column>
<column name="ap_block_state82_io">and, 0, 0, 2, 1, 1</column>
<column name="ap_predicate_op256_read_state73">and, 0, 0, 2, 1, 1</column>
<column name="empty_28_fu_301_p2">icmp, 0, 0, 9, 4, 1</column>
<column name="empty_36_fu_376_p2">icmp, 0, 0, 9, 4, 2</column>
<column name="exitcond2_fu_361_p2">icmp, 0, 0, 12, 13, 14</column>
<column name="exitcond64_fu_291_p2">icmp, 0, 0, 12, 13, 14</column>
<column name="icmp_ln58_fu_338_p2">icmp, 0, 0, 12, 13, 14</column>
<column name="empty_37_fu_407_p3">select, 0, 0, 480, 1, 1</column>
<column name="ap_enable_pp0">xor, 0, 0, 2, 1, 2</column>
<column name="ap_enable_pp1">xor, 0, 0, 2, 1, 2</column>
<column name="ap_enable_pp2">xor, 0, 0, 2, 1, 2</column>
<column name="ap_enable_reg_pp0_iter1">xor, 0, 0, 2, 2, 1</column>
<column name="ap_enable_reg_pp1_iter1">xor, 0, 0, 2, 2, 1</column>
<column name="ap_enable_reg_pp2_iter1">xor, 0, 0, 2, 2, 1</column>
</table>
</item>
<item name = "Multiplexer"><table name="" hasTotal="1">
<keys size="5">Name, LUT, Input Size, Bits, Total Bits</keys>
<column name="ap_NS_fsm">774, 145, 1, 145</column>
<column name="ap_enable_reg_pp0_iter1">9, 2, 1, 2</column>
<column name="ap_enable_reg_pp0_iter2">9, 2, 1, 2</column>
<column name="ap_enable_reg_pp1_iter1">9, 2, 1, 2</column>
<column name="ap_enable_reg_pp1_iter2">9, 2, 1, 2</column>
<column name="ap_enable_reg_pp2_iter1">9, 2, 1, 2</column>
<column name="ap_enable_reg_pp2_iter2">9, 2, 1, 2</column>
<column name="ap_phi_mux_empty_29_phi_fu_225_p4">14, 3, 512, 1536</column>
<column name="ap_phi_mux_loop_index4_phi_fu_202_p4">9, 2, 13, 26</column>
<column name="i_reg_231">9, 2, 13, 26</column>
<column name="loop_index4_reg_198">9, 2, 13, 26</column>
<column name="loop_index_reg_242">9, 2, 13, 26</column>
<column name="m00_axi_blk_n_AR">9, 2, 1, 2</column>
<column name="m00_axi_blk_n_AW">9, 2, 1, 2</column>
<column name="m00_axi_blk_n_B">9, 2, 1, 2</column>
<column name="m00_axi_blk_n_R">9, 2, 1, 2</column>
<column name="m00_axi_blk_n_W">9, 2, 1, 2</column>
<column name="m00_axi_input_buffer_address0">14, 3, 13, 39</column>
<column name="m00_axi_output_buffer_address0">14, 3, 13, 39</column>
<column name="shiftreg9_reg_210">9, 2, 480, 960</column>
<column name="shiftreg_reg_253">9, 2, 480, 960</column>
</table>
</item>
<item name = "Register"><table name="" hasTotal="1">
<keys size="5">Name, FF, LUT, Bits, Const Bits</keys>
<column name="ap_CS_fsm">144, 0, 144, 0</column>
<column name="ap_enable_reg_pp0_iter0">1, 0, 1, 0</column>
<column name="ap_enable_reg_pp0_iter1">1, 0, 1, 0</column>
<column name="ap_enable_reg_pp0_iter2">1, 0, 1, 0</column>
<column name="ap_enable_reg_pp1_iter0">1, 0, 1, 0</column>
<column name="ap_enable_reg_pp1_iter1">1, 0, 1, 0</column>
<column name="ap_enable_reg_pp1_iter2">1, 0, 1, 0</column>
<column name="ap_enable_reg_pp2_iter0">1, 0, 1, 0</column>
<column name="ap_enable_reg_pp2_iter1">1, 0, 1, 0</column>
<column name="ap_enable_reg_pp2_iter2">1, 0, 1, 0</column>
<column name="ap_rst_n_inv">1, 0, 1, 0</column>
<column name="ap_rst_reg_1">1, 0, 1, 0</column>
<column name="ap_rst_reg_2">1, 0, 1, 0</column>
<column name="empty_25_reg_426">13, 0, 13, 0</column>
<column name="empty_28_reg_435">1, 0, 1, 0</column>
<column name="empty_28_reg_435_pp0_iter1_reg">1, 0, 1, 0</column>
<column name="empty_36_reg_487">1, 0, 1, 0</column>
<column name="empty_36_reg_487_pp2_iter1_reg">1, 0, 1, 0</column>
<column name="exitcond2_reg_478">1, 0, 1, 0</column>
<column name="exitcond2_reg_478_pp2_iter1_reg">1, 0, 1, 0</column>
<column name="exitcond64_reg_431">1, 0, 1, 0</column>
<column name="exitcond64_reg_431_pp0_iter1_reg">1, 0, 1, 0</column>
<column name="i_cast_reg_458">13, 0, 64, 51</column>
<column name="i_cast_reg_458_pp1_iter1_reg">13, 0, 64, 51</column>
<column name="i_reg_231">13, 0, 13, 0</column>
<column name="icmp_ln58_reg_454">1, 0, 1, 0</column>
<column name="icmp_ln58_reg_454_pp1_iter1_reg">1, 0, 1, 0</column>
<column name="loop_index4_reg_198">13, 0, 13, 0</column>
<column name="loop_index4_reg_198_pp0_iter1_reg">13, 0, 13, 0</column>
<column name="loop_index_reg_242">13, 0, 13, 0</column>
<column name="m00_axi_addr_read_reg_439">512, 0, 512, 0</column>
<column name="m00_axi_addr_reg_419">64, 0, 64, 0</column>
<column name="m00_axi_input_buffer_load_reg_468">32, 0, 32, 0</column>
<column name="m00_axi_output_buffer_load_reg_492">32, 0, 32, 0</column>
<column name="shiftreg9_reg_210">480, 0, 480, 0</column>
<column name="shiftreg_reg_253">480, 0, 480, 0</column>
<column name="trunc_ln_reg_414">58, 0, 58, 0</column>
</table>
</item>
</section>
</item>
</section>

<section name = "Interface" level="0">
<item name = "Summary"><table name="" hasTotal="0">
<keys size="6">RTL Ports, Dir, Bits, Protocol, Source Object, C Type</keys>
<column name="s_axi_control_AWVALID">in, 1, s_axi, control, scalar</column>
<column name="s_axi_control_AWREADY">out, 1, s_axi, control, scalar</column>
<column name="s_axi_control_AWADDR">in, 6, s_axi, control, scalar</column>
<column name="s_axi_control_WVALID">in, 1, s_axi, control, scalar</column>
<column name="s_axi_control_WREADY">out, 1, s_axi, control, scalar</column>
<column name="s_axi_control_WDATA">in, 32, s_axi, control, scalar</column>
<column name="s_axi_control_WSTRB">in, 4, s_axi, control, scalar</column>
<column name="s_axi_control_ARVALID">in, 1, s_axi, control, scalar</column>
<column name="s_axi_control_ARREADY">out, 1, s_axi, control, scalar</column>
<column name="s_axi_control_ARADDR">in, 6, s_axi, control, scalar</column>
<column name="s_axi_control_RVALID">out, 1, s_axi, control, scalar</column>
<column name="s_axi_control_RREADY">in, 1, s_axi, control, scalar</column>
<column name="s_axi_control_RDATA">out, 32, s_axi, control, scalar</column>
<column name="s_axi_control_RRESP">out, 2, s_axi, control, scalar</column>
<column name="s_axi_control_BVALID">out, 1, s_axi, control, scalar</column>
<column name="s_axi_control_BREADY">in, 1, s_axi, control, scalar</column>
<column name="s_axi_control_BRESP">out, 2, s_axi, control, scalar</column>
<column name="ap_clk">in, 1, ap_ctrl_hs, fir_q15_execute_decim, return value</column>
<column name="ap_rst_n">in, 1, ap_ctrl_hs, fir_q15_execute_decim, return value</column>
<column name="interrupt">out, 1, ap_ctrl_hs, fir_q15_execute_decim, return value</column>
<column name="m_axi_m00_axi_AWVALID">out, 1, m_axi, m00_axi, pointer</column>
<column name="m_axi_m00_axi_AWREADY">in, 1, m_axi, m00_axi, pointer</column>
<column name="m_axi_m00_axi_AWADDR">out, 64, m_axi, m00_axi, pointer</column>
<column name="m_axi_m00_axi_AWID">out, 1, m_axi, m00_axi, pointer</column>
<column name="m_axi_m00_axi_AWLEN">out, 8, m_axi, m00_axi, pointer</column>
<column name="m_axi_m00_axi_AWSIZE">out, 3, m_axi, m00_axi, pointer</column>
<column name="m_axi_m00_axi_AWBURST">out, 2, m_axi, m00_axi, pointer</column>
<column name="m_axi_m00_axi_AWLOCK">out, 2, m_axi, m00_axi, pointer</column>
<column name="m_axi_m00_axi_AWCACHE">out, 4, m_axi, m00_axi, pointer</column>
<column name="m_axi_m00_axi_AWPROT">out, 3, m_axi, m00_axi, pointer</column>
<column name="m_axi_m00_axi_AWQOS">out, 4, m_axi, m00_axi, pointer</column>
<column name="m_axi_m00_axi_AWREGION">out, 4, m_axi, m00_axi, pointer</column>
<column name="m_axi_m00_axi_AWUSER">out, 1, m_axi, m00_axi, pointer</column>
<column name="m_axi_m00_axi_WVALID">out, 1, m_axi, m00_axi, pointer</column>
<column name="m_axi_m00_axi_WREADY">in, 1, m_axi, m00_axi, pointer</column>
<column name="m_axi_m00_axi_WDATA">out, 512, m_axi, m00_axi, pointer</column>
<column name="m_axi_m00_axi_WSTRB">out, 64, m_axi, m00_axi, pointer</column>
<column name="m_axi_m00_axi_WLAST">out, 1, m_axi, m00_axi, pointer</column>
<column name="m_axi_m00_axi_WID">out, 1, m_axi, m00_axi, pointer</column>
<column name="m_axi_m00_axi_WUSER">out, 1, m_axi, m00_axi, pointer</column>
<column name="m_axi_m00_axi_ARVALID">out, 1, m_axi, m00_axi, pointer</column>
<column name="m_axi_m00_axi_ARREADY">in, 1, m_axi, m00_axi, pointer</column>
<column name="m_axi_m00_axi_ARADDR">out, 64, m_axi, m00_axi, pointer</column>
<column name="m_axi_m00_axi_ARID">out, 1, m_axi, m00_axi, pointer</column>
<column name="m_axi_m00_axi_ARLEN">out, 8, m_axi, m00_axi, pointer</column>
<column name="m_axi_m00_axi_ARSIZE">out, 3, m_axi, m00_axi, pointer</column>
<column name="m_axi_m00_axi_ARBURST">out, 2, m_axi, m00_axi, pointer</column>
<column name="m_axi_m00_axi_ARLOCK">out, 2, m_axi, m00_axi, pointer</column>
<column name="m_axi_m00_axi_ARCACHE">out, 4, m_axi, m00_axi, pointer</column>
<column name="m_axi_m00_axi_ARPROT">out, 3, m_axi, m00_axi, pointer</column>
<column name="m_axi_m00_axi_ARQOS">out, 4, m_axi, m00_axi, pointer</column>
<column name="m_axi_m00_axi_ARREGION">out, 4, m_axi, m00_axi, pointer</column>
<column name="m_axi_m00_axi_ARUSER">out, 1, m_axi, m00_axi, pointer</column>
<column name="m_axi_m00_axi_RVALID">in, 1, m_axi, m00_axi, pointer</column>
<column name="m_axi_m00_axi_RREADY">out, 1, m_axi, m00_axi, pointer</column>
<column name="m_axi_m00_axi_RDATA">in, 512, m_axi, m00_axi, pointer</column>
<column name="m_axi_m00_axi_RLAST">in, 1, m_axi, m00_axi, pointer</column>
<column name="m_axi_m00_axi_RID">in, 1, m_axi, m00_axi, pointer</column>
<column name="m_axi_m00_axi_RUSER">in, 1, m_axi, m00_axi, pointer</column>
<column name="m_axi_m00_axi_RRESP">in, 2, m_axi, m00_axi, pointer</column>
<column name="m_axi_m00_axi_BVALID">in, 1, m_axi, m00_axi, pointer</column>
<column name="m_axi_m00_axi_BREADY">out, 1, m_axi, m00_axi, pointer</column>
<column name="m_axi_m00_axi_BRESP">in, 2, m_axi, m00_axi, pointer</column>
<column name="m_axi_m00_axi_BID">in, 1, m_axi, m00_axi, pointer</column>
<column name="m_axi_m00_axi_BUSER">in, 1, m_axi, m00_axi, pointer</column>
</table>
</item>
</section>
</profile>
