<root versionMajor = "1" versionMinor = "5">
  <kernel src_name="fir_q15_execute_decim" language="c" hwCtrl="ap_ctrl_hs" mem_layout="fpga64-xilinx-none">
    <args>
      <arg id="0" access_type="r" src_name="x0r" src_type="short" src_isptr="0" src_bitwidth="16" src_size_or_depth="1">
        <hw hw_usage="data" hw_interface="S_AXILite" hw_name="control" hw_bitwidth="16" hw_size_or_depth="1">
          <constraint constraint_type="pragma interface" mode="s_axilite" register_option="0" offset="16"/>
        </hw>
      </arg>
      <arg id="1" access_type="r" src_name="x0i" src_type="short" src_isptr="0" src_bitwidth="16" src_size_or_depth="1">
        <hw hw_usage="data" hw_interface="S_AXILite" hw_name="control" hw_bitwidth="16" hw_size_or_depth="1">
          <constraint constraint_type="pragma interface" mode="s_axilite" register_option="0" offset="24"/>
        </hw>
      </arg>
      <arg id="2" access_type="r" src_name="x1r" src_type="short" src_isptr="0" src_bitwidth="16" src_size_or_depth="1">
        <hw hw_usage="data" hw_interface="S_AXILite" hw_name="control" hw_bitwidth="16" hw_size_or_depth="1">
          <constraint constraint_type="pragma interface" mode="s_axilite" register_option="0" offset="32"/>
        </hw>
      </arg>
      <arg id="3" access_type="r" src_name="x1i" src_type="short" src_isptr="0" src_bitwidth="16" src_size_or_depth="1">
        <hw hw_usage="data" hw_interface="S_AXILite" hw_name="control" hw_bitwidth="16" hw_size_or_depth="1">
          <constraint constraint_type="pragma interface" mode="s_axilite" register_option="0" offset="40"/>
        </hw>
      </arg>
      <arg id="4" access_type="rw" src_name="y" src_type="int*" src_isptr="1" src_bitwidth="32" src_size_or_depth="1">
        <hw hw_usage="data" hw_interface="MAXI" hw_name="m00_axi" hw_bitwidth="512" hw_size_or_depth="0">
          <constraint constraint_type="pragma interface" mode="m_axi" register_option="0" offset="slave" latency="64" num_read_outstanding="16" num_write_outstanding="16" max_read_burst_length="16" max_write_burst_length="16" max_widen_bitwidth="512"/>
          <constraint constraint_type="bitwidth" orig_bitwidth="32" final_bitwidth="512"/>
        </hw>
        <hw hw_usage="address" hw_interface="S_AXILite" hw_name="control" hw_bitwidth="512" hw_size_or_depth="0">
          <constraint constraint_type="pragma interface" mode="s_axilite" register_option="0" offset="48"/>
        </hw>
      </arg>
    </args>
    <return src_type="void" src_bitwidth="0" offset="0x0">
      <hw hw_usage="data" hw_interface="" hw_name="" hw_bitwidth="0"/>
    </return>
  </kernel>
</root>
